ValidDate,ValidTime,latitude,longitude
04/17/2024,00:07,34.025191,-118.27921
04/17/2024,00:08,34.025143,-118.279215
04/17/2024,00:09,34.025176,-118.279212
04/17/2024,00:13,34.025156,-118.279332
04/17/2024,00:13,34.025077,-118.279269
04/17/2024,00:17,34.02505,-118.279142
04/17/2024,00:20,34.025061,-118.279271
04/17/2024,00:21,34.025147,-118.279149
04/17/2024,00:21,34.025004,-118.279268
04/17/2024,00:21,34.02504,-118.279222
04/17/2024,00:21,34.025183,-118.279213
04/17/2024,00:22,34.025121,-118.27948
04/17/2024,00:22,34.025144,-118.279151
04/17/2024,00:22,34.025196,-118.279195
04/17/2024,02:53,34.025034,-118.279195
04/17/2024,02:54,34.024933,-118.279232
04/17/2024,02:54,34.02486,-118.27912
04/17/2024,02:55,34.025079,-118.279173
04/17/2024,02:55,34.024957,-118.279161
04/17/2024,02:55,34.02504,-118.279181
04/17/2024,02:55,34.025022,-118.279299
04/17/2024,02:55,34.025079,-118.279173
04/17/2024,02:55,34.025122,-118.279288
04/17/2024,02:55,34.025052,-118.279386
04/17/2024,02:55,34.025079,-118.279173
04/17/2024,02:56,34.025122,-118.279314
04/17/2024,02:56,34.025057,-118.279397
04/17/2024,02:56,34.024956,-118.279452
04/17/2024,02:56,34.025079,-118.279173
04/17/2024,02:56,34.024994,-118.279528
04/17/2024,02:56,34.025079,-118.279173
04/17/2024,02:56,34.024982,-118.279214
04/17/2024,02:56,34.025079,-118.279173
04/17/2024,02:56,34.025117,-118.279016
04/17/2024,02:56,34.025079,-118.279173
04/17/2024,02:57,34.024994,-118.279133
04/17/2024,02:57,34.025079,-118.279173
04/17/2024,02:57,34.025064,-118.279291
04/17/2024,02:57,34.025089,-118.279417
04/17/2024,02:57,34.024978,-118.279479
04/17/2024,02:57,34.025051,-118.27929
04/17/2024,02:57,34.025045,-118.279211
04/17/2024,02:58,34.024923,-118.279295
04/17/2024,02:58,34.025079,-118.279173
04/17/2024,02:58,34.025043,-118.2792
04/17/2024,02:59,34.024983,-118.279357
04/17/2024,02:59,34.024888,-118.279421
04/17/2024,02:59,34.024871,-118.279302
04/17/2024,02:59,34.024986,-118.279271
04/17/2024,02:59,34.025018,-118.279214
04/17/2024,02:59,34.025086,-118.279125
04/17/2024,02:59,34.025026,-118.279235
04/17/2024,02:59,34.025037,-118.279359
04/17/2024,02:59,34.024989,-118.279253
04/17/2024,02:59,34.024912,-118.279187
04/17/2024,02:59,34.024979,-118.279303
04/17/2024,02:59,34.024937,-118.279201
04/17/2024,02:59,34.024895,-118.279305
04/17/2024,02:59,34.024981,-118.279209
04/17/2024,03:00,34.025027,-118.279194
04/17/2024,05:32,34.024974,-118.278976
04/17/2024,05:32,34.025019,-118.279133
04/17/2024,05:32,34.024891,-118.279187
04/17/2024,05:32,34.025048,-118.279185
04/17/2024,05:32,34.025038,-118.27919
04/17/2024,06:55,34.025056,-118.279185
04/17/2024,07:10,34.025023,-118.27919
04/17/2024,07:42,34.025156,-118.279199
04/17/2024,07:43,34.025052,-118.27928
04/17/2024,07:43,34.024995,-118.279196
04/17/2024,07:43,34.025079,-118.279206
04/17/2024,07:44,34.024991,-118.279264
04/17/2024,07:44,34.025078,-118.279236
04/17/2024,07:52,34.02517,-118.279235
04/17/2024,07:52,34.025115,-118.27921
04/17/2024,07:53,34.025149,-118.279325
04/17/2024,07:53,34.025065,-118.27918
04/17/2024,07:53,34.025154,-118.279276
04/17/2024,07:53,34.025106,-118.279212
04/17/2024,07:56,34.025201,-118.279162
04/17/2024,07:56,34.025296,-118.279135
04/17/2024,07:56,34.025275,-118.279126
04/17/2024,07:56,34.025172,-118.279209
04/17/2024,07:56,34.02508,-118.279223
04/17/2024,07:57,34.024995,-118.27926
04/17/2024,07:57,34.025082,-118.279211
04/17/2024,07:57,34.024962,-118.279202
04/17/2024,07:58,34.025059,-118.279184
04/17/2024,08:01,34.025104,-118.27934
04/17/2024,08:02,34.025046,-118.279089
04/17/2024,08:04,34.025092,-118.279207
04/17/2024,08:04,34.024794,-118.27909
04/17/2024,08:04,34.025067,-118.27915
04/17/2024,08:04,34.024771,-118.279271
04/17/2024,08:04,34.024959,-118.279297
04/17/2024,08:04,34.025078,-118.279183
04/17/2024,08:05,34.02471,-118.279075
04/17/2024,08:05,34.024967,-118.279172
04/17/2024,08:05,34.024891,-118.2791
04/17/2024,08:05,34.024898,-118.278987
04/17/2024,08:05,34.024847,-118.278892
04/17/2024,08:05,34.024756,-118.27886
04/17/2024,08:05,34.024669,-118.278812
04/17/2024,08:05,34.024647,-118.278705
04/17/2024,08:05,34.024746,-118.278682
04/17/2024,08:06,34.024736,-118.278565
04/17/2024,08:06,34.024713,-118.278454
04/17/2024,08:06,34.024669,-118.278341
04/17/2024,08:06,34.024641,-118.278533
04/17/2024,08:06,34.024769,-118.278497
04/17/2024,08:06,34.024602,-118.278456
04/17/2024,08:06,34.024589,-118.278577
04/17/2024,08:06,34.024555,-118.278424
04/17/2024,08:06,34.024481,-118.278584
04/17/2024,08:06,34.024387,-118.278552
04/17/2024,08:06,34.024307,-118.278611
04/17/2024,08:06,34.024251,-118.2787
04/17/2024,08:07,34.024168,-118.278745
04/17/2024,08:07,34.024089,-118.278806
04/17/2024,08:07,34.023997,-118.278852
04/17/2024,08:07,34.023905,-118.278906
04/17/2024,08:07,34.023809,-118.278947
04/17/2024,08:07,34.023716,-118.278991
04/17/2024,08:07,34.023653,-118.279075
04/17/2024,08:08,34.023576,-118.279147
04/17/2024,08:08,34.023485,-118.279206
04/17/2024,08:08,34.023396,-118.279263
04/17/2024,08:08,34.02332,-118.279333
04/17/2024,08:08,34.023238,-118.279386
04/17/2024,08:08,34.02315,-118.279419
04/17/2024,08:08,34.023065,-118.279473
04/17/2024,08:08,34.022971,-118.279512
04/17/2024,08:08,34.022889,-118.279566
04/17/2024,08:09,34.022799,-118.279623
04/17/2024,08:09,34.022716,-118.279699
04/17/2024,08:09,34.022636,-118.279749
04/17/2024,08:09,34.022542,-118.279808
04/17/2024,08:09,34.022465,-118.279879
04/17/2024,08:09,34.022378,-118.279935
04/17/2024,08:09,34.02229,-118.279991
04/17/2024,08:09,34.022203,-118.280047
04/17/2024,08:10,34.022122,-118.280098
04/17/2024,08:10,34.022173,-118.280212
04/17/2024,08:10,34.022239,-118.280302
04/17/2024,08:10,34.022304,-118.280398
04/17/2024,08:10,34.022352,-118.280507
04/17/2024,08:10,34.022397,-118.280609
04/17/2024,08:10,34.022419,-118.280723
04/17/2024,08:10,34.022482,-118.280812
04/17/2024,08:10,34.022484,-118.280931
04/17/2024,08:11,34.022531,-118.281038
04/17/2024,08:11,34.022575,-118.281136
04/17/2024,08:11,34.022619,-118.281234
04/17/2024,08:11,34.022666,-118.281343
04/17/2024,08:11,34.022711,-118.281444
04/17/2024,08:11,34.022757,-118.281548
04/17/2024,08:11,34.022804,-118.281655
04/17/2024,08:11,34.022865,-118.281753
04/17/2024,08:12,34.022913,-118.281867
04/17/2024,08:12,34.022941,-118.281971
04/17/2024,08:12,34.022967,-118.282081
04/17/2024,08:12,34.022961,-118.282199
04/17/2024,08:12,34.022895,-118.282285
04/17/2024,08:12,34.02282,-118.282367
04/17/2024,08:12,34.022755,-118.282453
04/17/2024,08:12,34.022689,-118.282544
04/17/2024,08:13,34.022627,-118.282625
04/17/2024,08:13,34.022557,-118.282723
04/17/2024,08:13,34.022485,-118.282805
04/17/2024,08:13,34.022401,-118.282873
04/17/2024,08:13,34.02233,-118.282946
04/17/2024,08:13,34.022268,-118.283027
04/17/2024,08:13,34.022204,-118.283125
04/17/2024,08:13,34.022155,-118.283229
04/17/2024,08:13,34.022102,-118.283321
04/17/2024,08:14,34.022051,-118.283413
04/17/2024,08:14,34.021993,-118.283511
04/17/2024,08:14,34.02193,-118.283597
04/17/2024,08:14,34.021852,-118.283661
04/17/2024,08:14,34.021777,-118.283736
04/17/2024,08:14,34.021727,-118.283847
04/17/2024,08:14,34.021692,-118.283952
04/17/2024,08:14,34.021609,-118.284004
04/17/2024,08:15,34.021593,-118.284117
04/17/2024,08:15,34.021609,-118.284235
04/17/2024,08:15,34.021622,-118.284352
04/17/2024,08:15,34.021542,-118.284432
04/17/2024,08:15,34.021465,-118.28449
04/17/2024,08:15,34.021384,-118.284552
04/17/2024,08:15,34.021301,-118.284609
04/17/2024,08:15,34.021215,-118.284659
04/17/2024,08:16,34.021139,-118.284727
04/17/2024,08:16,34.021084,-118.284815
04/17/2024,08:16,34.021033,-118.284906
04/17/2024,08:16,34.020957,-118.284972
04/17/2024,08:16,34.020865,-118.285046
04/17/2024,08:16,34.020785,-118.285101
04/17/2024,08:16,34.020702,-118.285154
04/17/2024,08:16,34.020617,-118.285208
04/17/2024,08:16,34.020535,-118.285261
04/17/2024,08:17,34.020455,-118.285311
04/17/2024,08:17,34.020455,-118.285421
04/17/2024,08:17,34.020494,-118.285576
04/17/2024,08:17,34.02051,-118.285688
04/17/2024,08:17,34.020554,-118.285787
04/17/2024,08:17,34.020596,-118.285884
04/17/2024,08:17,34.020635,-118.285994
04/17/2024,08:17,34.020682,-118.286101
04/17/2024,08:18,34.020725,-118.286198
04/17/2024,08:18,34.020769,-118.286299
04/17/2024,08:18,34.020813,-118.286399
04/17/2024,08:18,34.020861,-118.28651
04/17/2024,08:18,34.020903,-118.286607
04/17/2024,08:18,34.020948,-118.286711
04/17/2024,08:18,34.021006,-118.286819
04/17/2024,08:18,34.021051,-118.286923
04/17/2024,08:19,34.021112,-118.287083
04/17/2024,08:19,34.021093,-118.287189
04/17/2024,08:19,34.021014,-118.287278
04/17/2024,08:19,34.02094,-118.287346
04/17/2024,08:19,34.020857,-118.287391
04/17/2024,08:19,34.020767,-118.287447
04/17/2024,08:19,34.02068,-118.287497
04/17/2024,08:19,34.020592,-118.287558
04/17/2024,08:20,34.020501,-118.287616
04/17/2024,08:20,34.020422,-118.287668
04/17/2024,08:20,34.020404,-118.287786
04/17/2024,08:20,34.020322,-118.287845
04/17/2024,08:20,34.020239,-118.287905
04/17/2024,08:20,34.020152,-118.287962
04/17/2024,08:20,34.02007,-118.288008
04/17/2024,08:20,34.019983,-118.28806
04/17/2024,08:21,34.019898,-118.288115
04/17/2024,08:21,34.019817,-118.288168
04/17/2024,08:21,34.019728,-118.288224
04/17/2024,08:21,34.019638,-118.288282
04/17/2024,08:21,34.019549,-118.288337
04/17/2024,08:21,34.019457,-118.288396
04/17/2024,08:21,34.019369,-118.288452
04/17/2024,08:22,34.019287,-118.288505
04/17/2024,08:22,34.01928,-118.288616
04/17/2024,08:22,34.019319,-118.288724
04/17/2024,08:22,34.01936,-118.288829
04/17/2024,08:22,34.019414,-118.288921
04/17/2024,08:22,34.019476,-118.28902
04/17/2024,08:22,34.019525,-118.289114
04/17/2024,08:22,34.019575,-118.289215
04/17/2024,08:23,34.019626,-118.289318
04/17/2024,08:23,34.019541,-118.289275
04/17/2024,08:23,34.019383,-118.289291
04/17/2024,08:24,34.019529,-118.289353
04/17/2024,08:24,34.01955,-118.289343
04/17/2024,08:25,34.019427,-118.289317
04/17/2024,08:25,34.019555,-118.289335
04/17/2024,08:25,34.019479,-118.289402
04/17/2024,08:26,34.019553,-118.289336
04/17/2024,08:29,34.019441,-118.289397
04/17/2024,08:29,34.019549,-118.289361
04/17/2024,08:53,34.019453,-118.289344
04/17/2024,08:54,34.019544,-118.28932
04/17/2024,09:14,34.019469,-118.289386
04/17/2024,09:15,34.019562,-118.289326
04/17/2024,09:15,34.019474,-118.289388
04/17/2024,09:22,34.019549,-118.2893
04/17/2024,09:22,34.01964,-118.289247
04/17/2024,09:25,34.019604,-118.289359
04/17/2024,09:30,34.019513,-118.289342
04/17/2024,09:30,34.01943,-118.289417
04/17/2024,09:30,34.019528,-118.289349
04/17/2024,09:52,34.019468,-118.289261
04/17/2024,09:53,34.019534,-118.289186
04/17/2024,09:53,34.019601,-118.289264
04/17/2024,09:53,34.01969,-118.289343
04/17/2024,09:53,34.019739,-118.289451
04/17/2024,09:53,34.019748,-118.289562
04/17/2024,09:53,34.019825,-118.289645
04/17/2024,09:53,34.019835,-118.289767
04/17/2024,09:53,34.019888,-118.289861
04/17/2024,09:54,34.019933,-118.289966
04/17/2024,09:54,34.019967,-118.290068
04/17/2024,09:54,34.020021,-118.290168
04/17/2024,09:54,34.020166,-118.290126
04/17/2024,09:54,34.020246,-118.290075
04/17/2024,09:54,34.020328,-118.290022
04/17/2024,09:55,34.020427,-118.290003
04/17/2024,09:55,34.020539,-118.289882
04/17/2024,09:55,34.020624,-118.289842
04/17/2024,09:55,34.0207,-118.289774
04/17/2024,09:55,34.020806,-118.289705
04/17/2024,09:55,34.020894,-118.289678
04/17/2024,09:56,34.020977,-118.289616
04/17/2024,09:56,34.021067,-118.289548
04/17/2024,09:56,34.021159,-118.289482
04/17/2024,09:56,34.021247,-118.289455
04/17/2024,09:56,34.02132,-118.289381
04/17/2024,09:56,34.02141,-118.289325
04/17/2024,09:56,34.021491,-118.289273
04/17/2024,09:56,34.021571,-118.289222
04/17/2024,09:57,34.021683,-118.28915
04/17/2024,09:57,34.021771,-118.289094
04/17/2024,09:57,34.021862,-118.289076
04/17/2024,09:57,34.021939,-118.289013
04/17/2024,09:57,34.022022,-118.288956
04/17/2024,09:57,34.022115,-118.288906
04/17/2024,09:57,34.0222,-118.28884
04/17/2024,09:57,34.022279,-118.288773
04/17/2024,09:58,34.022379,-118.288711
04/17/2024,09:58,34.022463,-118.288658
04/17/2024,09:58,34.022548,-118.288604
04/17/2024,09:58,34.022639,-118.288566
04/17/2024,09:58,34.022723,-118.288507
04/17/2024,09:58,34.022799,-118.288445
04/17/2024,09:58,34.022903,-118.288394
04/17/2024,09:58,34.022969,-118.28832
04/17/2024,09:59,34.023068,-118.288277
04/17/2024,09:59,34.023159,-118.288245
04/17/2024,09:59,34.023229,-118.288176
04/17/2024,09:59,34.023322,-118.288136
04/17/2024,09:59,34.023412,-118.288079
04/17/2024,09:59,34.023493,-118.288031
04/17/2024,09:59,34.023576,-118.287971
04/17/2024,09:59,34.023664,-118.287911
04/17/2024,10:00,34.023742,-118.287831
04/17/2024,10:00,34.023817,-118.28777
04/17/2024,10:00,34.023903,-118.287727
04/17/2024,10:00,34.023994,-118.287668
04/17/2024,10:00,34.024075,-118.287609
04/17/2024,10:00,34.024152,-118.287549
04/17/2024,10:00,34.024232,-118.287487
04/17/2024,10:00,34.024312,-118.287432
04/17/2024,10:01,34.024393,-118.287376
04/17/2024,10:01,34.024485,-118.287338
04/17/2024,10:01,34.02459,-118.287369
04/17/2024,10:01,34.024669,-118.287289
04/17/2024,10:01,34.024748,-118.287222
04/17/2024,10:01,34.024826,-118.287162
04/17/2024,10:01,34.024909,-118.2871
04/17/2024,10:01,34.024904,-118.286968
04/17/2024,10:02,34.024861,-118.286871
04/17/2024,10:02,34.024806,-118.286784
04/17/2024,10:02,34.024772,-118.28667
04/17/2024,10:02,34.024743,-118.286564
04/17/2024,10:02,34.024684,-118.28647
04/17/2024,10:02,34.024646,-118.286365
04/17/2024,10:02,34.024595,-118.286264
04/17/2024,10:03,34.024549,-118.286154
04/17/2024,10:03,34.024492,-118.286066
04/17/2024,10:03,34.024451,-118.285955
04/17/2024,10:03,34.024393,-118.285862
04/17/2024,10:03,34.024354,-118.285763
04/17/2024,10:03,34.024315,-118.285657
04/17/2024,10:03,34.024253,-118.28557
04/17/2024,10:03,34.024188,-118.285485
04/17/2024,10:03,34.024137,-118.285384
04/17/2024,10:04,34.024106,-118.285279
04/17/2024,10:04,34.024059,-118.285173
04/17/2024,10:04,34.024006,-118.285077
04/17/2024,10:04,34.023969,-118.284975
04/17/2024,10:04,34.023915,-118.284868
04/17/2024,10:04,34.023876,-118.28476
04/17/2024,10:04,34.023827,-118.284657
04/17/2024,10:05,34.023783,-118.284555
04/17/2024,10:05,34.02374,-118.284454
04/17/2024,10:05,34.023695,-118.28435
04/17/2024,10:05,34.02365,-118.284242
04/17/2024,10:05,34.023622,-118.284139
04/17/2024,10:05,34.023594,-118.284033
04/17/2024,10:06,34.023564,-118.283928
04/17/2024,10:06,34.02349,-118.283842
04/17/2024,10:06,34.023412,-118.283784
04/17/2024,10:06,34.023329,-118.283718
04/17/2024,10:06,34.02323,-118.283704
04/17/2024,10:06,34.023142,-118.28367
04/17/2024,10:07,34.023055,-118.28363
04/17/2024,10:07,34.022944,-118.283597
04/17/2024,10:07,34.022851,-118.283597
04/17/2024,10:07,34.022752,-118.283619
04/17/2024,10:07,34.022665,-118.28367
04/17/2024,10:07,34.022564,-118.283696
04/17/2024,10:07,34.022475,-118.28367
04/17/2024,10:07,34.022402,-118.283606
04/17/2024,10:08,34.022307,-118.283589
04/17/2024,10:08,34.022213,-118.283593
04/17/2024,10:08,34.022111,-118.283573
04/17/2024,10:08,34.022018,-118.283551
04/17/2024,10:08,34.021926,-118.283547
04/17/2024,10:08,34.021834,-118.283535
04/17/2024,10:08,34.021745,-118.2835
04/17/2024,10:08,34.021647,-118.283453
04/17/2024,10:09,34.021579,-118.283368
04/17/2024,10:09,34.021527,-118.283253
04/17/2024,10:09,34.021479,-118.28316
04/17/2024,10:09,34.021385,-118.283138
04/17/2024,10:09,34.021259,-118.283148
04/17/2024,10:09,34.021167,-118.283144
04/17/2024,10:09,34.021058,-118.28314
04/17/2024,10:09,34.020963,-118.283138
04/17/2024,10:10,34.020868,-118.283135
04/17/2024,10:10,34.020764,-118.283131
04/17/2024,10:10,34.020662,-118.283128
04/17/2024,10:10,34.020568,-118.283125
04/17/2024,10:10,34.020461,-118.283117
04/17/2024,10:10,34.020376,-118.283079
04/17/2024,10:10,34.020291,-118.283033
04/17/2024,10:11,34.020191,-118.283082
04/17/2024,10:11,34.02008,-118.283141
04/17/2024,10:11,34.02,-118.283192
04/17/2024,10:11,34.019912,-118.283249
04/17/2024,10:11,34.019836,-118.283308
04/17/2024,10:11,34.019751,-118.283359
04/17/2024,10:11,34.019666,-118.283434
04/17/2024,10:12,34.019577,-118.283461
04/17/2024,10:12,34.01949,-118.283407
04/17/2024,10:12,34.019449,-118.283304
04/17/2024,10:12,34.019389,-118.283219
04/17/2024,10:12,34.019297,-118.2832
04/17/2024,10:12,34.019212,-118.283262
04/17/2024,10:13,34.019123,-118.283234
04/17/2024,10:13,34.01892,-118.283271
04/17/2024,10:13,34.018913,-118.283392
04/17/2024,10:13,34.018814,-118.283488
04/17/2024,10:13,34.018789,-118.283595
04/17/2024,10:13,34.018668,-118.283596
04/17/2024,10:13,34.018681,-118.283722
04/17/2024,10:13,34.018707,-118.283827
04/17/2024,10:14,34.01874,-118.28393
04/17/2024,10:14,34.018787,-118.284047
04/17/2024,10:14,34.018819,-118.28416
04/17/2024,10:14,34.018885,-118.28424
04/17/2024,10:14,34.018936,-118.284349
04/17/2024,10:14,34.01899,-118.284454
04/17/2024,10:14,34.019051,-118.284539
04/17/2024,10:15,34.019086,-118.284579
04/17/2024,10:15,34.019097,-118.284684
04/17/2024,10:15,34.019163,-118.284765
04/17/2024,10:15,34.0192,-118.284882
04/17/2024,10:15,34.019231,-118.284986
04/17/2024,10:15,34.019285,-118.285081
04/17/2024,10:15,34.019326,-118.28519
04/17/2024,10:15,34.019361,-118.28531
04/17/2024,10:15,34.019405,-118.28541
04/17/2024,10:16,34.019445,-118.285508
04/17/2024,10:16,34.019486,-118.285606
04/17/2024,10:16,34.019588,-118.285635
04/17/2024,10:16,34.019682,-118.285597
04/17/2024,10:16,34.019765,-118.285521
04/17/2024,10:16,34.019842,-118.285457
04/17/2024,10:16,34.019902,-118.28537
04/17/2024,10:16,34.019985,-118.285317
04/17/2024,10:17,34.020078,-118.285296
04/17/2024,10:17,34.020167,-118.285334
04/17/2024,10:17,34.020265,-118.285273
04/17/2024,10:17,34.020348,-118.28522
04/17/2024,10:17,34.020424,-118.285145
04/17/2024,10:17,34.020511,-118.285066
04/17/2024,10:17,34.020602,-118.285033
04/17/2024,10:18,34.020682,-118.284972
04/17/2024,10:18,34.020771,-118.284939
04/17/2024,10:18,34.020837,-118.284859
04/17/2024,10:18,34.020935,-118.284846
04/17/2024,10:18,34.021015,-118.284778
04/17/2024,10:18,34.0211,-118.284716
04/17/2024,10:18,34.021188,-118.284688
04/17/2024,10:18,34.021266,-118.284626
04/17/2024,10:19,34.021353,-118.284576
04/17/2024,10:19,34.021453,-118.284557
04/17/2024,10:19,34.021535,-118.284483
04/17/2024,10:19,34.021614,-118.28443
04/17/2024,10:19,34.021703,-118.284399
04/17/2024,10:19,34.021788,-118.284335
04/17/2024,10:19,34.021879,-118.284309
04/17/2024,10:20,34.02196,-118.28425
04/17/2024,10:20,34.022039,-118.284176
04/17/2024,10:20,34.022128,-118.284122
04/17/2024,10:20,34.022206,-118.284061
04/17/2024,10:20,34.022295,-118.284004
04/17/2024,10:20,34.022394,-118.283942
04/17/2024,10:20,34.02248,-118.283886
04/17/2024,10:21,34.02257,-118.283921
04/17/2024,10:21,34.022634,-118.283998
04/17/2024,10:21,34.022675,-118.284104
04/17/2024,10:21,34.022719,-118.284203
04/17/2024,10:21,34.022763,-118.284303
04/17/2024,10:21,34.022809,-118.284411
04/17/2024,10:21,34.022854,-118.284511
04/17/2024,10:21,34.0229,-118.284617
04/17/2024,10:22,34.022942,-118.284714
04/17/2024,10:22,34.022991,-118.284815
04/17/2024,10:22,34.023053,-118.2849
04/17/2024,10:22,34.023109,-118.284986
04/17/2024,10:22,34.02314,-118.28509
04/17/2024,10:22,34.02318,-118.285196
04/17/2024,10:22,34.023206,-118.285308
04/17/2024,10:23,34.023251,-118.285412
04/17/2024,10:23,34.023297,-118.285514
04/17/2024,10:23,34.023347,-118.285627
04/17/2024,10:23,34.023396,-118.285738
04/17/2024,10:23,34.02344,-118.285837
04/17/2024,10:23,34.023482,-118.285933
04/17/2024,10:23,34.023525,-118.286031
04/17/2024,10:23,34.023571,-118.286136
04/17/2024,10:24,34.023614,-118.286234
04/17/2024,10:24,34.02366,-118.286337
04/17/2024,10:24,34.023702,-118.286433
04/17/2024,10:24,34.023748,-118.286538
04/17/2024,10:24,34.023818,-118.286628
04/17/2024,10:24,34.023839,-118.286744
04/17/2024,10:24,34.02389,-118.286841
04/17/2024,10:25,34.023931,-118.286953
04/17/2024,10:25,34.023986,-118.287058
04/17/2024,10:25,34.024049,-118.287178
04/17/2024,10:25,34.024089,-118.287285
04/17/2024,10:25,34.024122,-118.287386
04/17/2024,10:25,34.024168,-118.287489
04/17/2024,10:25,34.024258,-118.287449
04/17/2024,10:26,34.02435,-118.28742
04/17/2024,10:26,34.024445,-118.287365
04/17/2024,10:26,34.024534,-118.287346
04/17/2024,10:26,34.02463,-118.287311
04/17/2024,10:26,34.024721,-118.287254
04/17/2024,10:26,34.024807,-118.287219
04/17/2024,10:26,34.024874,-118.287143
04/17/2024,10:27,34.024958,-118.287095
04/17/2024,10:28,34.025288,-118.28699
04/17/2024,10:28,34.024984,-118.287072
04/17/2024,10:28,34.025058,-118.286985
04/17/2024,10:28,34.025144,-118.286903
04/17/2024,10:28,34.025191,-118.286808
04/17/2024,10:28,34.02523,-118.286697
04/17/2024,10:28,34.025247,-118.2866
04/17/2024,10:28,34.025295,-118.286491
04/17/2024,10:28,34.025334,-118.286378
04/17/2024,10:29,34.025348,-118.286263
04/17/2024,10:29,34.025373,-118.286147
04/17/2024,10:29,34.025407,-118.286043
04/17/2024,10:29,34.025422,-118.285933
04/17/2024,10:29,34.02547,-118.285838
04/17/2024,10:29,34.025423,-118.285739
04/17/2024,10:29,34.025335,-118.28568
04/17/2024,10:29,34.025283,-118.285579
04/17/2024,10:30,34.025217,-118.285481
04/17/2024,10:30,34.025246,-118.285377
04/17/2024,10:30,34.025305,-118.285294
04/17/2024,10:30,34.025389,-118.285238
04/17/2024,10:30,34.025477,-118.285208
04/17/2024,10:30,34.025527,-118.285092
04/17/2024,10:30,34.025559,-118.284986
04/17/2024,10:30,34.025611,-118.284885
04/17/2024,10:31,34.025651,-118.284781
04/17/2024,10:31,34.025707,-118.28465
04/17/2024,10:31,34.025699,-118.284527
04/17/2024,10:31,34.0256,-118.284503
04/17/2024,10:31,34.025277,-118.284545
04/17/2024,10:31,34.025698,-118.284421
04/17/2024,10:32,34.02578,-118.284295
04/17/2024,10:33,34.025891,-118.284215
04/17/2024,10:33,34.0262,-118.284226
04/17/2024,10:33,34.026305,-118.2842
04/17/2024,10:33,34.026423,-118.284174
04/17/2024,10:33,34.026362,-118.284082
04/17/2024,10:33,34.026478,-118.284032
04/17/2024,10:33,34.026547,-118.283924
04/17/2024,10:33,34.025785,-118.284178
04/17/2024,10:33,34.025649,-118.28417
04/17/2024,10:33,34.025552,-118.284154
04/17/2024,10:33,34.025461,-118.284146
04/17/2024,10:33,34.02535,-118.284133
04/17/2024,10:33,34.025245,-118.284119
04/17/2024,10:33,34.025292,-118.284157
04/17/2024,10:34,34.025686,-118.284323
04/17/2024,10:34,34.025827,-118.284244
04/17/2024,10:34,34.025839,-118.284282
04/17/2024,10:34,34.025955,-118.28418
04/17/2024,10:34,34.025697,-118.28433
04/17/2024,10:34,34.025645,-118.284522
04/17/2024,10:34,34.025678,-118.284362
04/17/2024,10:36,34.025614,-118.284308
04/17/2024,10:36,34.025605,-118.284191
04/17/2024,10:36,34.025614,-118.284067
04/17/2024,10:36,34.025628,-118.283947
04/17/2024,10:36,34.025605,-118.28383
04/17/2024,10:37,34.025579,-118.283718
04/17/2024,10:37,34.025571,-118.283606
04/17/2024,10:37,34.025554,-118.283492
04/17/2024,10:37,34.025526,-118.283389
04/17/2024,10:37,34.025487,-118.283275
04/17/2024,10:37,34.025446,-118.283174
04/17/2024,10:37,34.025402,-118.283073
04/17/2024,10:38,34.025349,-118.282955
04/17/2024,10:38,34.025302,-118.282852
04/17/2024,10:38,34.025343,-118.282745
04/17/2024,10:38,34.025422,-118.282675
04/17/2024,10:38,34.025498,-118.282609
04/17/2024,10:38,34.025578,-118.282558
04/17/2024,10:38,34.025663,-118.282518
04/17/2024,10:38,34.025757,-118.282465
04/17/2024,10:39,34.025843,-118.28241
04/17/2024,10:39,34.025928,-118.282357
04/17/2024,10:39,34.026001,-118.282273
04/17/2024,10:39,34.02608,-118.282208
04/17/2024,10:39,34.026168,-118.282172
04/17/2024,10:39,34.026258,-118.282122
04/17/2024,10:39,34.026339,-118.282064
04/17/2024,10:40,34.026428,-118.282024
04/17/2024,10:40,34.026502,-118.281962
04/17/2024,10:40,34.026591,-118.281919
04/17/2024,10:40,34.026679,-118.281881
04/17/2024,10:40,34.02677,-118.281835
04/17/2024,10:40,34.026866,-118.281794
04/17/2024,10:40,34.026955,-118.28177
04/17/2024,10:40,34.02704,-118.281715
04/17/2024,10:41,34.027126,-118.281662
04/17/2024,10:41,34.027205,-118.28159
04/17/2024,10:41,34.027296,-118.281529
04/17/2024,10:41,34.027374,-118.28146
04/17/2024,10:41,34.027455,-118.28141
04/17/2024,10:41,34.027539,-118.28135
04/17/2024,10:41,34.027611,-118.281263
04/17/2024,10:42,34.027692,-118.281209
04/17/2024,10:42,34.027769,-118.281135
04/17/2024,10:42,34.027824,-118.281041
04/17/2024,10:42,34.027798,-118.280933
04/17/2024,10:42,34.027724,-118.280867
04/17/2024,10:42,34.027675,-118.280775
04/17/2024,10:42,34.027629,-118.280671
04/17/2024,10:42,34.027584,-118.28057
04/17/2024,10:43,34.027541,-118.280473
04/17/2024,10:43,34.027498,-118.280377
04/17/2024,10:43,34.027455,-118.280277
04/17/2024,10:43,34.027411,-118.280179
04/17/2024,10:43,34.027367,-118.280078
04/17/2024,10:43,34.027322,-118.279976
04/17/2024,10:43,34.027277,-118.279872
04/17/2024,10:43,34.027232,-118.27977
04/17/2024,10:44,34.027187,-118.279668
04/17/2024,10:44,34.027144,-118.279572
04/17/2024,10:44,34.0271,-118.279471
04/17/2024,10:44,34.027057,-118.279374
04/17/2024,10:44,34.027009,-118.279266
04/17/2024,10:44,34.026966,-118.279168
04/17/2024,10:44,34.026924,-118.279071
04/17/2024,10:45,34.026877,-118.278965
04/17/2024,10:45,34.02683,-118.27886
04/17/2024,10:45,34.026787,-118.278763
04/17/2024,10:45,34.027002,-118.27864
04/17/2024,10:45,34.027092,-118.278614
04/17/2024,10:45,34.026731,-118.278796
04/17/2024,10:45,34.027172,-118.278521
04/17/2024,10:45,34.026856,-118.278853
04/17/2024,10:46,34.026653,-118.278894
04/17/2024,10:46,34.026757,-118.278707
04/17/2024,10:46,34.02694,-118.278454
04/17/2024,10:46,34.02737,-118.27841
04/17/2024,10:46,34.027273,-118.278475
04/17/2024,10:46,34.027155,-118.278517
04/17/2024,10:46,34.027086,-118.278593
04/17/2024,10:48,34.026987,-118.27863
04/17/2024,10:49,34.027073,-118.278549
04/17/2024,10:49,34.027163,-118.278526
04/17/2024,11:18,34.027136,-118.278642
04/17/2024,11:18,34.027192,-118.278549
04/17/2024,11:29,34.027102,-118.278564
04/17/2024,11:29,34.027193,-118.278581
04/17/2024,11:33,34.02716,-118.278452
04/17/2024,11:34,34.027093,-118.278537
04/17/2024,11:39,34.027022,-118.278659
04/17/2024,11:40,34.027072,-118.278581
04/17/2024,11:40,34.027001,-118.278655
04/17/2024,11:41,34.027049,-118.278623
04/17/2024,11:43,34.027126,-118.278502
04/17/2024,11:43,34.027255,-118.278652
04/17/2024,11:43,34.027099,-118.278627
04/17/2024,11:43,34.027063,-118.27859
04/17/2024,11:43,34.027263,-118.278637
04/17/2024,11:44,34.027056,-118.278611
04/17/2024,11:44,34.027261,-118.27863
04/17/2024,11:44,34.027055,-118.278604
04/17/2024,11:54,34.027147,-118.278587
04/17/2024,11:54,34.02705,-118.278528
04/17/2024,11:54,34.027131,-118.278596
04/17/2024,11:57,34.027066,-118.278498
04/17/2024,11:58,34.027085,-118.278608
04/17/2024,12:00,34.027062,-118.278593
04/17/2024,12:03,34.027077,-118.278485
04/17/2024,12:10,34.027127,-118.278577
04/17/2024,12:11,34.027079,-118.278479
04/17/2024,12:11,34.027132,-118.278605
04/17/2024,12:11,34.027083,-118.278491
04/17/2024,12:12,34.027048,-118.278596
04/17/2024,12:17,34.02708,-118.278488
04/17/2024,12:18,34.02705,-118.278621
04/17/2024,12:19,34.027068,-118.278594
04/17/2024,12:21,34.027066,-118.278472
04/17/2024,12:23,34.027019,-118.278569
04/17/2024,12:23,34.026906,-118.278714
04/17/2024,12:24,34.026892,-118.278752
04/17/2024,12:24,34.027043,-118.278615
04/17/2024,12:25,34.027068,-118.278508
04/17/2024,12:27,34.027039,-118.278614
04/17/2024,12:28,34.026951,-118.278654
04/17/2024,12:28,34.027022,-118.278623
04/17/2024,12:28,34.027053,-118.278433
04/17/2024,12:28,34.027007,-118.278635
04/17/2024,12:28,34.027032,-118.278629
04/17/2024,12:28,34.027023,-118.278466
04/17/2024,12:28,34.027199,-118.278564
04/17/2024,12:29,34.027322,-118.278417
04/17/2024,12:29,34.027078,-118.27847
04/17/2024,12:29,34.027138,-118.27857
04/17/2024,12:51,34.027059,-118.278515
04/17/2024,13:10,34.02716,-118.278509
04/17/2024,13:24,34.027072,-118.278543
04/17/2024,13:25,34.027131,-118.27846
04/17/2024,13:25,34.027057,-118.278576
04/17/2024,13:25,34.02705,-118.278613
04/17/2024,13:26,34.027001,-118.27852
04/17/2024,13:26,34.027052,-118.278458
04/17/2024,13:26,34.026903,-118.278474
04/17/2024,13:26,34.027033,-118.278469
04/17/2024,13:26,34.026929,-118.278481
04/17/2024,13:26,34.027018,-118.278452
04/17/2024,13:26,34.027069,-118.278545
04/17/2024,13:26,34.027204,-118.278739
04/17/2024,13:26,34.027258,-118.278562
04/17/2024,13:26,34.027011,-118.278639
04/17/2024,13:26,34.026905,-118.278668
04/17/2024,13:26,34.026817,-118.278641
04/17/2024,13:27,34.026754,-118.278541
04/17/2024,13:27,34.026707,-118.278433
04/17/2024,13:27,34.026647,-118.278344
04/17/2024,13:27,34.026595,-118.278239
04/17/2024,13:27,34.026551,-118.278144
04/17/2024,13:27,34.026502,-118.278038
04/17/2024,13:27,34.026458,-118.27794
04/17/2024,13:27,34.026401,-118.277845
04/17/2024,13:28,34.026355,-118.277744
04/17/2024,13:28,34.026307,-118.27764
04/17/2024,13:28,34.02625,-118.277545
04/17/2024,13:29,34.026158,-118.277509
04/17/2024,13:29,34.026068,-118.277554
04/17/2024,13:29,34.02597,-118.27758
04/17/2024,13:29,34.025886,-118.277634
04/17/2024,13:29,34.025797,-118.277704
04/17/2024,13:29,34.02571,-118.277763
04/17/2024,13:30,34.025627,-118.277816
04/17/2024,13:30,34.025535,-118.277858
04/17/2024,13:30,34.025459,-118.277932
04/17/2024,13:30,34.025379,-118.277989
04/17/2024,13:30,34.025292,-118.278041
04/17/2024,13:30,34.025215,-118.278108
04/17/2024,13:31,34.025128,-118.278164
04/17/2024,13:31,34.025036,-118.278196
04/17/2024,13:31,34.024957,-118.278257
04/17/2024,13:31,34.024875,-118.278303
04/17/2024,13:31,34.024782,-118.278354
04/17/2024,13:31,34.024698,-118.278396
04/17/2024,13:31,34.024611,-118.278453
04/17/2024,13:32,34.024608,-118.278562
04/17/2024,13:32,34.02455,-118.278645
04/17/2024,13:32,34.024577,-118.278484
04/17/2024,13:33,34.024558,-118.278611
04/17/2024,13:33,34.024644,-118.278656
04/17/2024,13:33,34.024708,-118.278745
04/17/2024,13:33,34.024703,-118.278867
04/17/2024,13:33,34.024781,-118.278944
04/17/2024,13:33,34.024809,-118.279051
04/17/2024,13:33,34.024909,-118.279103
04/17/2024,13:33,34.024931,-118.279209
04/17/2024,13:33,34.02504,-118.279186
04/17/2024,13:33,34.025131,-118.279163
04/17/2024,13:34,34.025182,-118.279073
04/17/2024,13:34,34.025252,-118.279043
04/17/2024,13:34,34.025113,-118.279157
04/17/2024,13:34,34.025139,-118.279046
04/17/2024,13:34,34.025009,-118.279128
04/17/2024,13:34,34.02517,-118.27898
04/17/2024,13:34,34.025113,-118.279167
04/17/2024,13:35,34.024991,-118.279106
04/17/2024,13:36,34.025068,-118.279162
04/17/2024,13:41,34.025146,-118.27924
04/17/2024,13:42,34.025044,-118.279206
04/17/2024,14:01,34.025149,-118.279166
04/17/2024,14:01,34.025111,-118.279177
04/17/2024,14:01,34.025018,-118.279179
04/17/2024,14:03,34.025115,-118.279228
04/17/2024,14:04,34.02503,-118.279154
04/17/2024,14:06,34.025124,-118.279191
04/17/2024,14:07,34.024997,-118.27919
04/17/2024,14:10,34.024996,-118.279334
04/17/2024,14:10,34.02509,-118.279218
04/17/2024,14:17,34.025072,-118.279175
04/17/2024,14:31,34.02516,-118.279274
04/17/2024,14:31,34.025269,-118.279281
04/17/2024,14:31,34.025205,-118.279271
04/17/2024,14:31,34.02502,-118.279181
04/17/2024,14:33,34.02512,-118.279225
04/17/2024,14:34,34.025009,-118.27924
04/17/2024,14:34,34.025092,-118.279201
04/17/2024,14:40,34.025183,-118.279223
04/17/2024,14:40,34.025109,-118.279111
04/17/2024,14:40,34.025113,-118.279114
04/17/2024,14:42,34.02519,-118.279188
04/17/2024,14:42,34.025156,-118.279211
04/17/2024,14:42,34.025028,-118.279232
04/17/2024,14:42,34.02517,-118.279197
04/17/2024,14:42,34.025193,-118.279206
04/17/2024,14:42,34.025028,-118.279232
04/17/2024,14:42,34.025028,-118.279232
04/17/2024,14:42,34.025028,-118.279232
04/17/2024,14:42,34.025106,-118.279207
04/17/2024,14:43,34.025147,-118.279095
04/17/2024,14:43,34.025012,-118.279038
04/17/2024,14:43,34.02491,-118.279015
04/17/2024,14:43,34.024822,-118.278964
04/17/2024,14:43,34.024731,-118.278875
04/17/2024,14:43,34.024648,-118.278947
04/17/2024,14:43,34.024703,-118.278839
04/17/2024,14:43,34.02462,-118.278794
04/17/2024,14:44,34.024605,-118.278667
04/17/2024,14:44,34.024613,-118.278465
04/17/2024,14:44,34.024608,-118.278585
04/17/2024,14:44,34.024509,-118.278522
04/17/2024,14:44,34.024571,-118.278613
04/17/2024,14:44,34.024488,-118.278557
04/17/2024,14:44,34.024396,-118.278589
04/17/2024,14:44,34.024303,-118.278636
04/17/2024,14:44,34.024232,-118.278716
04/17/2024,14:45,34.024139,-118.278765
04/17/2024,14:45,34.024039,-118.278833
04/17/2024,14:45,34.023945,-118.27885
04/17/2024,14:45,34.023859,-118.278882
04/17/2024,14:45,34.023782,-118.278961
04/17/2024,14:45,34.023715,-118.279038
04/17/2024,14:46,34.023633,-118.279097
04/17/2024,14:46,34.023541,-118.279147
04/17/2024,14:46,34.023454,-118.279181
04/17/2024,14:46,34.023366,-118.279213
04/17/2024,14:46,34.023283,-118.279259
04/17/2024,14:46,34.023199,-118.279305
04/17/2024,14:46,34.023117,-118.279373
04/17/2024,14:47,34.023013,-118.27941
04/17/2024,14:47,34.022953,-118.279491
04/17/2024,14:47,34.022877,-118.279561
04/17/2024,14:47,34.022795,-118.279618
04/17/2024,14:47,34.022711,-118.279665
04/17/2024,14:47,34.022627,-118.279712
04/17/2024,14:47,34.022547,-118.279765
04/17/2024,14:47,34.022464,-118.27982
04/17/2024,14:48,34.022374,-118.27985
04/17/2024,14:48,34.022303,-118.279925
04/17/2024,14:48,34.022237,-118.280002
04/17/2024,14:48,34.022167,-118.28007
04/17/2024,14:49,34.022083,-118.280124
04/17/2024,14:49,34.022007,-118.280185
04/17/2024,14:50,34.021931,-118.280263
04/17/2024,14:50,34.021972,-118.280364
04/17/2024,14:50,34.022016,-118.280465
04/17/2024,14:50,34.022025,-118.280573
04/17/2024,14:50,34.022073,-118.280689
04/17/2024,14:50,34.022135,-118.280775
04/17/2024,14:50,34.022203,-118.280862
04/17/2024,14:50,34.022248,-118.280959
04/17/2024,14:51,34.022138,-118.280985
04/17/2024,14:51,34.022073,-118.280908
04/17/2024,14:51,34.021981,-118.280883
04/17/2024,14:51,34.021879,-118.280883
04/17/2024,14:51,34.021789,-118.280921
04/17/2024,14:51,34.02172,-118.281003
04/17/2024,14:51,34.021672,-118.28111
04/17/2024,14:51,34.02165,-118.28122
04/17/2024,14:51,34.021653,-118.281344
04/17/2024,14:52,34.021575,-118.28141
04/17/2024,14:52,34.021585,-118.281531
04/17/2024,14:52,34.021641,-118.281633
04/17/2024,14:52,34.021682,-118.281734
04/17/2024,14:52,34.021726,-118.281832
04/17/2024,14:52,34.021767,-118.281943
04/17/2024,14:52,34.021807,-118.282049
04/17/2024,14:52,34.021867,-118.282149
04/17/2024,14:53,34.021922,-118.282247
04/17/2024,14:53,34.021955,-118.282374
04/17/2024,14:53,34.021961,-118.282484
04/17/2024,14:53,34.022032,-118.282558
04/17/2024,14:53,34.022067,-118.282678
04/17/2024,14:53,34.022095,-118.282785
04/17/2024,14:53,34.022147,-118.282887
04/17/2024,14:54,34.022205,-118.282977
04/17/2024,14:54,34.022254,-118.283085
04/17/2024,14:54,34.022168,-118.283155
04/17/2024,14:54,34.02208,-118.283198
04/17/2024,14:54,34.022003,-118.28327
04/17/2024,14:54,34.021918,-118.283328
04/17/2024,14:54,34.021833,-118.283388
04/17/2024,14:55,34.021738,-118.283425
04/17/2024,14:55,34.021653,-118.283483
04/17/2024,14:55,34.021566,-118.28354
04/17/2024,14:55,34.021476,-118.283597
04/17/2024,14:55,34.02139,-118.283652
04/17/2024,14:55,34.02133,-118.283742
04/17/2024,14:55,34.021358,-118.283851
04/17/2024,14:55,34.02143,-118.283959
04/17/2024,14:56,34.021501,-118.284036
04/17/2024,14:56,34.021531,-118.284102
04/17/2024,14:56,34.021364,-118.284222
04/17/2024,14:56,34.021376,-118.284436
04/17/2024,14:56,34.022252,-118.2839
04/17/2024,14:56,34.021943,-118.284002
04/17/2024,14:56,34.021972,-118.283982
04/17/2024,14:56,34.021804,-118.284102
04/17/2024,14:57,34.021114,-118.28436
04/17/2024,14:57,34.02175,-118.284165
04/17/2024,14:57,34.021149,-118.284234
04/17/2024,14:57,34.021047,-118.2842
04/17/2024,14:57,34.021736,-118.284172
04/17/2024,14:57,34.021022,-118.2842
04/17/2024,14:57,34.021721,-118.284142
04/17/2024,14:57,34.021672,-118.284034
04/17/2024,14:58,34.021082,-118.284259
04/17/2024,14:58,34.021218,-118.284218
04/17/2024,14:58,34.021258,-118.284045
04/17/2024,14:58,34.021317,-118.283584
04/17/2024,14:58,34.021379,-118.283284
04/17/2024,14:58,34.021395,-118.283178
04/17/2024,14:59,34.021354,-118.283317
04/17/2024,14:59,34.021372,-118.283332
04/17/2024,14:59,34.021431,-118.283167
04/17/2024,14:59,34.021649,-118.282118
04/17/2024,14:59,34.021892,-118.28109
04/17/2024,14:59,34.021646,-118.282284
04/17/2024,14:59,34.021674,-118.282076
04/17/2024,14:59,34.021824,-118.281503
04/17/2024,14:59,34.021954,-118.280926
04/17/2024,14:59,34.021178,-118.284249
04/17/2024,14:59,34.021949,-118.280976
04/17/2024,15:00,34.021946,-118.281019
04/17/2024,15:00,34.021959,-118.280945
04/17/2024,15:00,34.021313,-118.284034
04/17/2024,15:02,34.021215,-118.284018
04/17/2024,15:03,34.021245,-118.28386
04/17/2024,15:03,34.021213,-118.284152
04/17/2024,15:05,34.021131,-118.284256
04/17/2024,15:06,34.021947,-118.281069
04/17/2024,15:06,34.021219,-118.284224
04/17/2024,15:08,34.021126,-118.284292
04/17/2024,15:15,34.021216,-118.284352
04/17/2024,15:17,34.021128,-118.284316
04/17/2024,15:46,34.021244,-118.284221
04/17/2024,15:48,34.02116,-118.284268
04/17/2024,15:52,34.02127,-118.284272
04/17/2024,15:52,34.021177,-118.284223
04/17/2024,15:52,34.021006,-118.284243
04/17/2024,15:53,34.021054,-118.284241
04/17/2024,15:53,34.021126,-118.284322
04/17/2024,15:53,34.02121,-118.284369
04/17/2024,15:53,34.021153,-118.284268
04/17/2024,15:53,34.021218,-118.28418
04/17/2024,15:53,34.021267,-118.284088
04/17/2024,15:53,34.021348,-118.284027
04/17/2024,15:53,34.021283,-118.284134
04/17/2024,15:53,34.021434,-118.284121
04/17/2024,15:53,34.021446,-118.284003
04/17/2024,15:54,34.021503,-118.283894
04/17/2024,15:54,34.021445,-118.283805
04/17/2024,15:54,34.021372,-118.283731
04/17/2024,15:54,34.021426,-118.283619
04/17/2024,15:54,34.021514,-118.283565
04/17/2024,15:54,34.0216,-118.283505
04/17/2024,15:54,34.021621,-118.283394
04/17/2024,15:54,34.021584,-118.283277
04/17/2024,15:55,34.021536,-118.283171
04/17/2024,15:55,34.021491,-118.28307
04/17/2024,15:55,34.021442,-118.282956
04/17/2024,15:55,34.021398,-118.282854
04/17/2024,15:55,34.021355,-118.282753
04/17/2024,15:55,34.021397,-118.282638
04/17/2024,15:56,34.021476,-118.282564
04/17/2024,15:56,34.021533,-118.282478
04/17/2024,15:56,34.021615,-118.282426
04/17/2024,15:56,34.021716,-118.282367
04/17/2024,15:56,34.021797,-118.282309
04/17/2024,15:56,34.021864,-118.282233
04/17/2024,15:56,34.021838,-118.282119
04/17/2024,15:56,34.021795,-118.282015
04/17/2024,15:57,34.021757,-118.281915
04/17/2024,15:57,34.021745,-118.281801
04/17/2024,15:57,34.02175,-118.281672
04/17/2024,15:57,34.021761,-118.281559
04/17/2024,15:57,34.021727,-118.281453
04/17/2024,15:57,34.021686,-118.28135
04/17/2024,15:57,34.021684,-118.281224
04/17/2024,15:58,34.021726,-118.281099
04/17/2024,15:58,34.021805,-118.281163
04/17/2024,15:58,34.021835,-118.281036
04/17/2024,15:58,34.021887,-118.280935
04/17/2024,15:58,34.021971,-118.280878
04/17/2024,15:58,34.022066,-118.280908
04/17/2024,15:58,34.022135,-118.28098
04/17/2024,15:59,34.022078,-118.280893
04/17/2024,15:59,34.022083,-118.28078
04/17/2024,15:59,34.022093,-118.28067
04/17/2024,15:59,34.022053,-118.28057
04/17/2024,15:59,34.022003,-118.280462
04/17/2024,15:59,34.021953,-118.280369
04/17/2024,15:59,34.021938,-118.280258
04/17/2024,15:59,34.022009,-118.280176
04/17/2024,16:00,34.022101,-118.280112
04/17/2024,16:00,34.022182,-118.280049
04/17/2024,16:00,34.022239,-118.279954
04/17/2024,16:00,34.022321,-118.279905
04/17/2024,16:00,34.022411,-118.279873
04/17/2024,16:00,34.022498,-118.279822
04/17/2024,16:00,34.022584,-118.279767
04/17/2024,16:01,34.022672,-118.279711
04/17/2024,16:01,34.022755,-118.279651
04/17/2024,16:01,34.022832,-118.279592
04/17/2024,16:01,34.022914,-118.279526
04/17/2024,16:01,34.022993,-118.279472
04/17/2024,16:01,34.023082,-118.279409
04/17/2024,16:01,34.023167,-118.279358
04/17/2024,16:01,34.023234,-118.279277
04/17/2024,16:02,34.023327,-118.279235
04/17/2024,16:02,34.023412,-118.279189
04/17/2024,16:02,34.023506,-118.279192
04/17/2024,16:03,34.023594,-118.279135
04/17/2024,16:03,34.023686,-118.279078
04/17/2024,16:03,34.023768,-118.279014
04/17/2024,16:03,34.023829,-118.278923
04/17/2024,16:03,34.023907,-118.278862
04/17/2024,16:03,34.023992,-118.278801
04/17/2024,16:04,34.024079,-118.278758
04/17/2024,16:04,34.02417,-118.278715
04/17/2024,16:04,34.024258,-118.278663
04/17/2024,16:04,34.024342,-118.278594
04/17/2024,16:04,34.024433,-118.278548
04/17/2024,16:04,34.024522,-118.278523
04/17/2024,16:05,34.024617,-118.278507
04/17/2024,16:05,34.024647,-118.278613
04/17/2024,16:05,34.024723,-118.278727
04/17/2024,16:05,34.024789,-118.278819
04/17/2024,16:05,34.024769,-118.278925
04/17/2024,16:05,34.024812,-118.27903
04/17/2024,16:05,34.02489,-118.279098
04/17/2024,16:06,34.024936,-118.279193
04/17/2024,16:06,34.025027,-118.279193
04/17/2024,16:06,34.024839,-118.279258
04/17/2024,16:06,34.025065,-118.279187
04/17/2024,16:06,34.024914,-118.279023
04/17/2024,16:06,34.02511,-118.279148
04/17/2024,16:06,34.025207,-118.279158
04/17/2024,16:06,34.024981,-118.278875
04/17/2024,16:06,34.025232,-118.279168
04/17/2024,16:06,34.025144,-118.279212
04/17/2024,16:09,34.025067,-118.279151
04/17/2024,16:12,34.025141,-118.279213
04/17/2024,16:15,34.02507,-118.279113
04/17/2024,16:16,34.02498,-118.279134
04/17/2024,16:16,34.025065,-118.279147
04/17/2024,16:31,34.025141,-118.279212
04/17/2024,16:31,34.025145,-118.279201
04/17/2024,16:48,34.025053,-118.279249
04/17/2024,16:52,34.025134,-118.279163
04/17/2024,17:14,34.025042,-118.279166
04/17/2024,17:14,34.025036,-118.279181
04/17/2024,17:17,34.025132,-118.27918
04/17/2024,17:22,34.025034,-118.279224
04/17/2024,17:24,34.025129,-118.279207
04/17/2024,17:25,34.025038,-118.279222
04/17/2024,17:27,34.02504,-118.279107
04/17/2024,17:31,34.025114,-118.279183
04/17/2024,17:34,34.025025,-118.279145
04/17/2024,17:36,34.025108,-118.279193
04/17/2024,17:43,34.025141,-118.279212
04/17/2024,17:43,34.025145,-118.27921
04/17/2024,17:50,34.025076,-118.27914
04/17/2024,18:02,34.02517,-118.279216
04/17/2024,18:03,34.02505,-118.279271
04/17/2024,18:05,34.025134,-118.279206
04/17/2024,18:17,34.024989,-118.279244
04/17/2024,18:19,34.025084,-118.279215
04/17/2024,18:20,34.024953,-118.279245
04/17/2024,18:23,34.025047,-118.27917
04/17/2024,18:26,34.025022,-118.279276
04/17/2024,18:26,34.025,-118.279274
04/17/2024,18:26,34.025087,-118.279224
04/17/2024,18:26,34.024971,-118.279276
04/17/2024,18:28,34.025103,-118.279186
04/17/2024,18:38,34.025214,-118.279193
04/17/2024,18:39,34.025085,-118.279192
04/17/2024,18:59,34.024997,-118.279225
04/17/2024,18:59,34.025094,-118.279221
04/17/2024,19:06,34.025025,-118.279295
04/17/2024,19:06,34.02511,-118.279365
04/17/2024,19:07,34.025113,-118.279239
04/17/2024,19:12,34.025203,-118.279219
04/17/2024,19:12,34.025126,-118.279146
04/17/2024,19:12,34.025185,-118.279183
04/17/2024,19:13,34.025103,-118.279239
04/17/2024,19:15,34.025203,-118.279254
04/17/2024,19:18,34.025213,-118.279122
04/17/2024,19:18,34.024964,-118.279348
04/17/2024,19:18,34.024905,-118.27925
04/17/2024,19:18,34.024836,-118.279203
04/17/2024,19:18,34.024928,-118.27925
04/17/2024,19:18,34.024944,-118.279204
04/17/2024,19:29,34.025037,-118.279211
04/17/2024,19:29,34.025175,-118.279221
04/17/2024,19:30,34.025101,-118.27929
04/17/2024,19:30,34.02499,-118.279158
04/17/2024,19:31,34.025129,-118.279159
04/17/2024,19:31,34.025023,-118.279204
04/17/2024,19:32,34.025097,-118.279143
04/17/2024,19:32,34.025086,-118.279146
04/17/2024,19:32,34.025004,-118.279199
04/17/2024,19:32,34.025095,-118.279226
04/17/2024,19:32,34.025113,-118.279246
04/17/2024,19:32,34.025209,-118.279324
04/17/2024,19:32,34.025138,-118.27924
04/17/2024,19:32,34.025038,-118.279243
04/17/2024,19:33,34.025132,-118.279205
04/17/2024,19:56,34.025067,-118.279024
04/17/2024,19:56,34.025092,-118.279298
04/17/2024,19:56,34.02512,-118.279148
04/17/2024,19:56,34.025081,-118.279146
04/17/2024,19:56,34.025074,-118.279123
04/17/2024,19:56,34.025074,-118.279123
04/17/2024,19:57,34.025074,-118.279123
04/17/2024,19:58,34.02514,-118.279208
04/17/2024,19:58,34.025184,-118.279248
04/17/2024,20:00,34.02519,-118.279205
04/17/2024,20:03,34.024947,-118.279076
04/17/2024,20:03,34.025046,-118.279124
04/17/2024,20:03,34.025145,-118.279131
04/17/2024,20:04,34.025161,-118.279259
04/17/2024,20:04,34.025215,-118.279161
04/17/2024,20:04,34.025246,-118.279138
04/17/2024,20:04,34.025179,-118.279241
04/17/2024,20:04,34.024972,-118.279187
04/17/2024,20:04,34.025036,-118.279419
04/17/2024,20:04,34.025195,-118.279204
04/17/2024,20:04,34.025203,-118.279196
04/17/2024,20:04,34.024829,-118.279135
04/17/2024,20:04,34.024913,-118.279218
04/17/2024,20:04,34.025153,-118.279289
04/17/2024,20:06,34.025002,-118.279268
04/17/2024,20:06,34.025103,-118.279203
04/17/2024,20:06,34.025224,-118.27919
04/17/2024,20:06,34.025304,-118.2791
04/17/2024,20:06,34.025142,-118.279171
04/17/2024,20:06,34.025095,-118.279066
04/17/2024,20:06,34.024901,-118.279107
04/17/2024,20:06,34.02479,-118.279184
04/17/2024,20:07,34.025162,-118.279189
04/17/2024,20:13,34.02508,-118.279238
04/17/2024,20:13,34.024987,-118.27922
04/17/2024,20:13,34.025082,-118.279156
04/17/2024,20:13,34.025016,-118.279259
04/17/2024,20:13,34.025148,-118.279265
04/17/2024,20:14,34.025025,-118.279233
04/17/2024,20:28,34.025118,-118.279268
04/17/2024,20:29,34.024951,-118.279187
04/17/2024,20:29,34.025129,-118.279284
04/17/2024,20:30,34.025004,-118.279234
04/17/2024,20:31,34.025092,-118.27917
04/17/2024,20:34,34.025009,-118.279217
04/17/2024,20:35,34.024929,-118.279159
04/17/2024,20:36,34.0251,-118.279224
04/17/2024,20:47,34.025012,-118.279193
04/17/2024,20:47,34.025167,-118.279191
04/17/2024,20:49,34.02507,-118.279238
04/17/2024,20:49,34.024942,-118.279197
04/17/2024,20:49,34.025107,-118.279242
04/17/2024,20:50,34.025193,-118.279277
04/17/2024,20:51,34.02506,-118.279243
04/17/2024,21:00,34.025195,-118.279212
04/17/2024,21:01,34.024931,-118.279166
04/17/2024,21:07,34.025019,-118.279132
04/17/2024,21:14,34.025096,-118.279188
04/17/2024,21:14,34.024965,-118.279193
04/17/2024,21:15,34.025054,-118.279264
04/17/2024,21:15,34.024961,-118.279243
04/17/2024,21:15,34.025135,-118.279213
04/17/2024,21:18,34.025164,-118.279212
04/17/2024,21:22,34.024977,-118.279204
04/17/2024,21:22,34.025012,-118.279102
04/17/2024,21:22,34.025009,-118.27925
04/17/2024,21:23,34.025126,-118.279193
04/17/2024,21:23,34.025011,-118.279208
04/17/2024,21:27,34.024923,-118.279172
04/17/2024,21:27,34.025065,-118.279092
04/17/2024,21:27,34.024976,-118.279222
04/17/2024,21:27,34.025117,-118.279207
04/17/2024,21:27,34.025007,-118.279167
04/17/2024,21:30,34.024923,-118.279237
04/17/2024,21:30,34.024998,-118.279166
04/17/2024,21:30,34.02508,-118.279213
04/17/2024,21:30,34.025139,-118.279334
04/17/2024,21:30,34.025054,-118.279276
04/17/2024,21:31,34.025033,-118.279158
04/17/2024,21:31,34.025132,-118.279209
04/17/2024,21:31,34.025167,-118.279172
04/17/2024,21:32,34.025012,-118.279165
04/17/2024,21:32,34.025153,-118.279153
04/17/2024,21:32,34.025054,-118.279192
04/17/2024,21:32,34.025129,-118.27927
04/17/2024,21:33,34.025079,-118.279164
04/17/2024,21:34,34.024917,-118.279149
04/17/2024,21:35,34.025115,-118.279193
04/17/2024,21:35,34.025225,-118.279201
04/17/2024,21:35,34.025112,-118.279208
04/17/2024,21:35,34.02503,-118.279145
04/17/2024,21:35,34.025175,-118.279111
04/17/2024,21:35,34.025055,-118.279263
04/17/2024,21:35,34.025168,-118.279285
04/17/2024,21:36,34.025075,-118.279189
04/17/2024,21:36,34.025185,-118.279212
04/17/2024,21:36,34.025088,-118.279214
04/17/2024,21:37,34.025193,-118.279294
04/17/2024,21:39,34.025128,-118.279372
04/17/2024,21:39,34.025136,-118.279246
04/17/2024,21:42,34.024979,-118.279114
04/17/2024,21:42,34.024964,-118.279204
04/17/2024,21:42,34.02519,-118.2792
04/17/2024,21:43,34.024971,-118.2791
04/17/2024,21:43,34.025119,-118.279185
04/17/2024,21:45,34.025152,-118.279299
04/17/2024,21:45,34.025049,-118.27927
04/17/2024,21:47,34.024965,-118.279216
04/17/2024,22:07,34.025099,-118.27907
04/17/2024,22:07,34.025134,-118.279184
04/17/2024,22:07,34.025227,-118.27926
04/17/2024,22:07,34.025301,-118.279356
04/17/2024,22:07,34.024947,-118.279198
04/17/2024,22:08,34.025418,-118.279499
04/17/2024,22:08,34.025487,-118.279581
04/17/2024,22:08,34.024947,-118.279198
04/17/2024,22:08,34.025147,-118.279216
04/17/2024,22:11,34.025015,-118.279144
04/17/2024,22:12,34.025147,-118.279152
04/17/2024,22:12,34.024946,-118.279197
04/17/2024,22:12,34.025144,-118.279157
04/17/2024,22:31,34.02495,-118.279204
04/17/2024,22:35,34.025196,-118.279187
04/17/2024,22:35,34.024943,-118.279186
04/17/2024,22:35,34.025208,-118.2792
04/17/2024,22:35,34.025096,-118.278989
04/17/2024,22:35,34.025161,-118.279118
04/17/2024,22:35,34.025031,-118.279169
04/17/2024,22:35,34.024998,-118.279319
04/17/2024,22:35,34.025039,-118.279212
04/17/2024,22:35,34.025133,-118.279182
04/17/2024,22:51,34.025045,-118.279227
04/17/2024,22:55,34.024973,-118.279325
04/17/2024,22:58,34.025065,-118.279277
04/17/2024,22:58,34.025152,-118.279242
04/17/2024,22:58,34.025057,-118.279231
04/17/2024,23:01,34.025133,-118.27917
04/17/2024,23:08,34.025019,-118.279162
04/17/2024,23:08,34.025113,-118.279243
04/17/2024,23:08,34.025109,-118.27924
04/17/2024,23:42,34.025134,-118.279213
04/17/2024,23:43,34.025162,-118.2792
